imageTL,imageBL,imageTR,imageBR,correct_answer
C:\Users\Ram\OneDrive - University of Sussex\Desktop\LZ correlation\LZ_correlation\final_scrambled\scrambled_158.jpg, C:\Users\Ram\OneDrive - University of Sussex\Desktop\LZ correlation\LZ_correlation\final_scrambled\scrambled_173.jpg, C:\Users\Ram\OneDrive - University of Sussex\Desktop\LZ correlation\LZ_correlation\final_scrambled\scrambled_39.jpg, C:\Users\Ram\OneDrive - University of Sussex\Desktop\LZ correlation\LZ_correlation\final_scrambled\scrambled_213.jpg,     k
C:\Users\Ram\OneDrive - University of Sussex\Desktop\LZ correlation\LZ_correlation\noise\noise_125.jpg, C:\Users\Ram\OneDrive - University of Sussex\Desktop\LZ correlation\LZ_correlation\noise\noise_19.jpg, C:\Users\Ram\OneDrive - University of Sussex\Desktop\LZ correlation\LZ_correlation\noise\noise_82.jpg, C:\Users\Ram\OneDrive - University of Sussex\Desktop\LZ correlation\LZ_correlation\noise\noise_197.jpg,     k
C:\Users\Ram\OneDrive - University of Sussex\Desktop\LZ correlation\LZ_correlation\noise\noise_60.jpg, C:\Users\Ram\OneDrive - University of Sussex\Desktop\LZ correlation\LZ_correlation\noise\noise_119.jpg, C:\Users\Ram\OneDrive - University of Sussex\Desktop\LZ correlation\LZ_correlation\noise\noise_192.jpg, C:\Users\Ram\OneDrive - University of Sussex\Desktop\LZ correlation\LZ_correlation\noise\noise_210.jpg,     z
C:\Users\Ram\OneDrive - University of Sussex\Desktop\LZ correlation\LZ_correlation\final_scrambled\scrambled_49.jpg, C:\Users\Ram\OneDrive - University of Sussex\Desktop\LZ correlation\LZ_correlation\final_scrambled\scrambled_129.jpg, C:\Users\Ram\OneDrive - University of Sussex\Desktop\LZ correlation\LZ_correlation\final_scrambled\scrambled_105.jpg, C:\Users\Ram\OneDrive - University of Sussex\Desktop\LZ correlation\LZ_correlation\final_scrambled\scrambled_62.jpg,     m
C:\Users\Ram\OneDrive - University of Sussex\Desktop\LZ correlation\LZ_correlation\noise\noise_161.jpg, C:\Users\Ram\OneDrive - University of Sussex\Desktop\LZ correlation\LZ_correlation\noise\noise_83.jpg, C:\Users\Ram\OneDrive - University of Sussex\Desktop\LZ correlation\LZ_correlation\noise\noise_135.jpg, C:\Users\Ram\OneDrive - University of Sussex\Desktop\LZ correlation\LZ_correlation\noise\noise_191.jpg,     k
C:\Users\Ram\OneDrive - University of Sussex\Desktop\LZ correlation\LZ_correlation\final_scrambled\scrambled_84.jpg, C:\Users\Ram\OneDrive - University of Sussex\Desktop\LZ correlation\LZ_correlation\final_scrambled\scrambled_29.jpg, C:\Users\Ram\OneDrive - University of Sussex\Desktop\LZ correlation\LZ_correlation\final_scrambled\scrambled_195.jpg, C:\Users\Ram\OneDrive - University of Sussex\Desktop\LZ correlation\LZ_correlation\final_scrambled\scrambled_44.jpg,     z
C:\Users\Ram\OneDrive - University of Sussex\Desktop\LZ correlation\LZ_correlation\natural\natural_41.jpg, C:\Users\Ram\OneDrive - University of Sussex\Desktop\LZ correlation\LZ_correlation\natural\natural_167.jpg, C:\Users\Ram\OneDrive - University of Sussex\Desktop\LZ correlation\LZ_correlation\natural\natural_136.jpg, C:\Users\Ram\OneDrive - University of Sussex\Desktop\LZ correlation\LZ_correlation\natural\natural_15.jpg,     a
C:\Users\Ram\OneDrive - University of Sussex\Desktop\LZ correlation\LZ_correlation\noise\noise_163.jpg, C:\Users\Ram\OneDrive - University of Sussex\Desktop\LZ correlation\LZ_correlation\noise\noise_70.jpg, C:\Users\Ram\OneDrive - University of Sussex\Desktop\LZ correlation\LZ_correlation\noise\noise_15.jpg, C:\Users\Ram\OneDrive - University of Sussex\Desktop\LZ correlation\LZ_correlation\noise\noise_32.jpg,     z
C:\Users\Ram\OneDrive - University of Sussex\Desktop\LZ correlation\LZ_correlation\natural\natural_111.jpg, C:\Users\Ram\OneDrive - University of Sussex\Desktop\LZ correlation\LZ_correlation\natural\natural_38.jpg, C:\Users\Ram\OneDrive - University of Sussex\Desktop\LZ correlation\LZ_correlation\natural\natural_112.jpg, C:\Users\Ram\OneDrive - University of Sussex\Desktop\LZ correlation\LZ_correlation\natural\natural_96.jpg,     k
C:\Users\Ram\OneDrive - University of Sussex\Desktop\LZ correlation\LZ_correlation\noise\noise_64.jpg, C:\Users\Ram\OneDrive - University of Sussex\Desktop\LZ correlation\LZ_correlation\noise\noise_187.jpg, C:\Users\Ram\OneDrive - University of Sussex\Desktop\LZ correlation\LZ_correlation\noise\noise_133.jpg, C:\Users\Ram\OneDrive - University of Sussex\Desktop\LZ correlation\LZ_correlation\noise\noise_145.jpg,     m
C:\Users\Ram\OneDrive - University of Sussex\Desktop\LZ correlation\LZ_correlation\final_scrambled\scrambled_120.jpg, C:\Users\Ram\OneDrive - University of Sussex\Desktop\LZ correlation\LZ_correlation\final_scrambled\scrambled_23.jpg, C:\Users\Ram\OneDrive - University of Sussex\Desktop\LZ correlation\LZ_correlation\final_scrambled\scrambled_98.jpg, C:\Users\Ram\OneDrive - University of Sussex\Desktop\LZ correlation\LZ_correlation\final_scrambled\scrambled_195.jpg,     z
C:\Users\Ram\OneDrive - University of Sussex\Desktop\LZ correlation\LZ_correlation\natural\natural_34.jpg, C:\Users\Ram\OneDrive - University of Sussex\Desktop\LZ correlation\LZ_correlation\natural\natural_55.jpg, C:\Users\Ram\OneDrive - University of Sussex\Desktop\LZ correlation\LZ_correlation\natural\natural_112.jpg, C:\Users\Ram\OneDrive - University of Sussex\Desktop\LZ correlation\LZ_correlation\natural\natural_74.jpg,     z
C:\Users\Ram\OneDrive - University of Sussex\Desktop\LZ correlation\LZ_correlation\natural\natural_132.jpg, C:\Users\Ram\OneDrive - University of Sussex\Desktop\LZ correlation\LZ_correlation\natural\natural_71.jpg, C:\Users\Ram\OneDrive - University of Sussex\Desktop\LZ correlation\LZ_correlation\natural\natural_112.jpg, C:\Users\Ram\OneDrive - University of Sussex\Desktop\LZ correlation\LZ_correlation\natural\natural_41.jpg,     a
C:\Users\Ram\OneDrive - University of Sussex\Desktop\LZ correlation\LZ_correlation\noise\noise_123.jpg, C:\Users\Ram\OneDrive - University of Sussex\Desktop\LZ correlation\LZ_correlation\noise\noise_143.jpg, C:\Users\Ram\OneDrive - University of Sussex\Desktop\LZ correlation\LZ_correlation\noise\noise_20.jpg, C:\Users\Ram\OneDrive - University of Sussex\Desktop\LZ correlation\LZ_correlation\noise\noise_221.jpg,     m
C:\Users\Ram\OneDrive - University of Sussex\Desktop\LZ correlation\LZ_correlation\natural\natural_113.jpg, C:\Users\Ram\OneDrive - University of Sussex\Desktop\LZ correlation\LZ_correlation\natural\natural_35.jpg, C:\Users\Ram\OneDrive - University of Sussex\Desktop\LZ correlation\LZ_correlation\natural\natural_5.jpg, C:\Users\Ram\OneDrive - University of Sussex\Desktop\LZ correlation\LZ_correlation\natural\natural_147.jpg,     a
C:\Users\Ram\OneDrive - University of Sussex\Desktop\LZ correlation\LZ_correlation\final_scrambled\scrambled_226.jpg, C:\Users\Ram\OneDrive - University of Sussex\Desktop\LZ correlation\LZ_correlation\final_scrambled\scrambled_4.jpg, C:\Users\Ram\OneDrive - University of Sussex\Desktop\LZ correlation\LZ_correlation\final_scrambled\scrambled_211.jpg, C:\Users\Ram\OneDrive - University of Sussex\Desktop\LZ correlation\LZ_correlation\final_scrambled\scrambled_156.jpg,     a
C:\Users\Ram\OneDrive - University of Sussex\Desktop\LZ correlation\LZ_correlation\natural\natural_174.jpg, C:\Users\Ram\OneDrive - University of Sussex\Desktop\LZ correlation\LZ_correlation\natural\natural_42.jpg, C:\Users\Ram\OneDrive - University of Sussex\Desktop\LZ correlation\LZ_correlation\natural\natural_62.jpg, C:\Users\Ram\OneDrive - University of Sussex\Desktop\LZ correlation\LZ_correlation\natural\natural_57.jpg,     k
C:\Users\Ram\OneDrive - University of Sussex\Desktop\LZ correlation\LZ_correlation\natural\natural_62.jpg, C:\Users\Ram\OneDrive - University of Sussex\Desktop\LZ correlation\LZ_correlation\natural\natural_173.jpg, C:\Users\Ram\OneDrive - University of Sussex\Desktop\LZ correlation\LZ_correlation\natural\natural_232.jpg, C:\Users\Ram\OneDrive - University of Sussex\Desktop\LZ correlation\LZ_correlation\natural\natural_86.jpg,     m
C:\Users\Ram\OneDrive - University of Sussex\Desktop\LZ correlation\LZ_correlation\noise\noise_12.jpg, C:\Users\Ram\OneDrive - University of Sussex\Desktop\LZ correlation\LZ_correlation\noise\noise_49.jpg, C:\Users\Ram\OneDrive - University of Sussex\Desktop\LZ correlation\LZ_correlation\noise\noise_207.jpg, C:\Users\Ram\OneDrive - University of Sussex\Desktop\LZ correlation\LZ_correlation\noise\noise_28.jpg,     z
C:\Users\Ram\OneDrive - University of Sussex\Desktop\LZ correlation\LZ_correlation\natural\natural_216.jpg, C:\Users\Ram\OneDrive - University of Sussex\Desktop\LZ correlation\LZ_correlation\natural\natural_191.jpg, C:\Users\Ram\OneDrive - University of Sussex\Desktop\LZ correlation\LZ_correlation\natural\natural_75.jpg, C:\Users\Ram\OneDrive - University of Sussex\Desktop\LZ correlation\LZ_correlation\natural\natural_147.jpg,     m
C:\Users\Ram\OneDrive - University of Sussex\Desktop\LZ correlation\LZ_correlation\final_scrambled\scrambled_223.jpg, C:\Users\Ram\OneDrive - University of Sussex\Desktop\LZ correlation\LZ_correlation\final_scrambled\scrambled_229.jpg, C:\Users\Ram\OneDrive - University of Sussex\Desktop\LZ correlation\LZ_correlation\final_scrambled\scrambled_112.jpg, C:\Users\Ram\OneDrive - University of Sussex\Desktop\LZ correlation\LZ_correlation\final_scrambled\scrambled_82.jpg,     m
C:\Users\Ram\OneDrive - University of Sussex\Desktop\LZ correlation\LZ_correlation\final_scrambled\scrambled_212.jpg, C:\Users\Ram\OneDrive - University of Sussex\Desktop\LZ correlation\LZ_correlation\final_scrambled\scrambled_13.jpg, C:\Users\Ram\OneDrive - University of Sussex\Desktop\LZ correlation\LZ_correlation\final_scrambled\scrambled_222.jpg, C:\Users\Ram\OneDrive - University of Sussex\Desktop\LZ correlation\LZ_correlation\final_scrambled\scrambled_189.jpg,     z
C:\Users\Ram\OneDrive - University of Sussex\Desktop\LZ correlation\LZ_correlation\noise\noise_235.jpg, C:\Users\Ram\OneDrive - University of Sussex\Desktop\LZ correlation\LZ_correlation\noise\noise_61.jpg, C:\Users\Ram\OneDrive - University of Sussex\Desktop\LZ correlation\LZ_correlation\noise\noise_84.jpg, C:\Users\Ram\OneDrive - University of Sussex\Desktop\LZ correlation\LZ_correlation\noise\noise_225.jpg,     m
C:\Users\Ram\OneDrive - University of Sussex\Desktop\LZ correlation\LZ_correlation\natural\natural_221.jpg, C:\Users\Ram\OneDrive - University of Sussex\Desktop\LZ correlation\LZ_correlation\natural\natural_66.jpg, C:\Users\Ram\OneDrive - University of Sussex\Desktop\LZ correlation\LZ_correlation\natural\natural_125.jpg, C:\Users\Ram\OneDrive - University of Sussex\Desktop\LZ correlation\LZ_correlation\natural\natural_219.jpg,     z
C:\Users\Ram\OneDrive - University of Sussex\Desktop\LZ correlation\LZ_correlation\final_scrambled\scrambled_110.jpg, C:\Users\Ram\OneDrive - University of Sussex\Desktop\LZ correlation\LZ_correlation\final_scrambled\scrambled_36.jpg, C:\Users\Ram\OneDrive - University of Sussex\Desktop\LZ correlation\LZ_correlation\final_scrambled\scrambled_139.jpg, C:\Users\Ram\OneDrive - University of Sussex\Desktop\LZ correlation\LZ_correlation\final_scrambled\scrambled_81.jpg,     z
C:\Users\Ram\OneDrive - University of Sussex\Desktop\LZ correlation\LZ_correlation\noise\noise_217.jpg, C:\Users\Ram\OneDrive - University of Sussex\Desktop\LZ correlation\LZ_correlation\noise\noise_72.jpg, C:\Users\Ram\OneDrive - University of Sussex\Desktop\LZ correlation\LZ_correlation\noise\noise_110.jpg, C:\Users\Ram\OneDrive - University of Sussex\Desktop\LZ correlation\LZ_correlation\noise\noise_136.jpg,     a
C:\Users\Ram\OneDrive - University of Sussex\Desktop\LZ correlation\LZ_correlation\final_scrambled\scrambled_181.jpg, C:\Users\Ram\OneDrive - University of Sussex\Desktop\LZ correlation\LZ_correlation\final_scrambled\scrambled_126.jpg, C:\Users\Ram\OneDrive - University of Sussex\Desktop\LZ correlation\LZ_correlation\final_scrambled\scrambled_184.jpg, C:\Users\Ram\OneDrive - University of Sussex\Desktop\LZ correlation\LZ_correlation\final_scrambled\scrambled_91.jpg,     z
C:\Users\Ram\OneDrive - University of Sussex\Desktop\LZ correlation\LZ_correlation\noise\noise_172.jpg, C:\Users\Ram\OneDrive - University of Sussex\Desktop\LZ correlation\LZ_correlation\noise\noise_154.jpg, C:\Users\Ram\OneDrive - University of Sussex\Desktop\LZ correlation\LZ_correlation\noise\noise_96.jpg, C:\Users\Ram\OneDrive - University of Sussex\Desktop\LZ correlation\LZ_correlation\noise\noise_123.jpg,     k
C:\Users\Ram\OneDrive - University of Sussex\Desktop\LZ correlation\LZ_correlation\natural\natural_13.jpg, C:\Users\Ram\OneDrive - University of Sussex\Desktop\LZ correlation\LZ_correlation\natural\natural_211.jpg, C:\Users\Ram\OneDrive - University of Sussex\Desktop\LZ correlation\LZ_correlation\natural\natural_183.jpg, C:\Users\Ram\OneDrive - University of Sussex\Desktop\LZ correlation\LZ_correlation\natural\natural_204.jpg,     a
C:\Users\Ram\OneDrive - University of Sussex\Desktop\LZ correlation\LZ_correlation\final_scrambled\scrambled_160.jpg, C:\Users\Ram\OneDrive - University of Sussex\Desktop\LZ correlation\LZ_correlation\final_scrambled\scrambled_140.jpg, C:\Users\Ram\OneDrive - University of Sussex\Desktop\LZ correlation\LZ_correlation\final_scrambled\scrambled_103.jpg, C:\Users\Ram\OneDrive - University of Sussex\Desktop\LZ correlation\LZ_correlation\final_scrambled\scrambled_107.jpg,     k
C:\Users\Ram\OneDrive - University of Sussex\Desktop\LZ correlation\LZ_correlation\final_scrambled\scrambled_238.jpg, C:\Users\Ram\OneDrive - University of Sussex\Desktop\LZ correlation\LZ_correlation\final_scrambled\scrambled_172.jpg, C:\Users\Ram\OneDrive - University of Sussex\Desktop\LZ correlation\LZ_correlation\final_scrambled\scrambled_90.jpg, C:\Users\Ram\OneDrive - University of Sussex\Desktop\LZ correlation\LZ_correlation\final_scrambled\scrambled_78.jpg,     a
C:\Users\Ram\OneDrive - University of Sussex\Desktop\LZ correlation\LZ_correlation\noise\noise_122.jpg, C:\Users\Ram\OneDrive - University of Sussex\Desktop\LZ correlation\LZ_correlation\noise\noise_90.jpg, C:\Users\Ram\OneDrive - University of Sussex\Desktop\LZ correlation\LZ_correlation\noise\noise_85.jpg, C:\Users\Ram\OneDrive - University of Sussex\Desktop\LZ correlation\LZ_correlation\noise\noise_229.jpg,     a
C:\Users\Ram\OneDrive - University of Sussex\Desktop\LZ correlation\LZ_correlation\natural\natural_234.jpg, C:\Users\Ram\OneDrive - University of Sussex\Desktop\LZ correlation\LZ_correlation\natural\natural_172.jpg, C:\Users\Ram\OneDrive - University of Sussex\Desktop\LZ correlation\LZ_correlation\natural\natural_112.jpg, C:\Users\Ram\OneDrive - University of Sussex\Desktop\LZ correlation\LZ_correlation\natural\natural_138.jpg,     m
C:\Users\Ram\OneDrive - University of Sussex\Desktop\LZ correlation\LZ_correlation\noise\noise_55.jpg, C:\Users\Ram\OneDrive - University of Sussex\Desktop\LZ correlation\LZ_correlation\noise\noise_207.jpg, C:\Users\Ram\OneDrive - University of Sussex\Desktop\LZ correlation\LZ_correlation\noise\noise_39.jpg, C:\Users\Ram\OneDrive - University of Sussex\Desktop\LZ correlation\LZ_correlation\noise\noise_114.jpg,     a
C:\Users\Ram\OneDrive - University of Sussex\Desktop\LZ correlation\LZ_correlation\natural\natural_115.jpg, C:\Users\Ram\OneDrive - University of Sussex\Desktop\LZ correlation\LZ_correlation\natural\natural_141.jpg, C:\Users\Ram\OneDrive - University of Sussex\Desktop\LZ correlation\LZ_correlation\natural\natural_40.jpg, C:\Users\Ram\OneDrive - University of Sussex\Desktop\LZ correlation\LZ_correlation\natural\natural_236.jpg,     z
C:\Users\Ram\OneDrive - University of Sussex\Desktop\LZ correlation\LZ_correlation\final_scrambled\scrambled_111.jpg, C:\Users\Ram\OneDrive - University of Sussex\Desktop\LZ correlation\LZ_correlation\final_scrambled\scrambled_90.jpg, C:\Users\Ram\OneDrive - University of Sussex\Desktop\LZ correlation\LZ_correlation\final_scrambled\scrambled_9.jpg, C:\Users\Ram\OneDrive - University of Sussex\Desktop\LZ correlation\LZ_correlation\final_scrambled\scrambled_74.jpg,     m
C:\Users\Ram\OneDrive - University of Sussex\Desktop\LZ correlation\LZ_correlation\noise\noise_71.jpg, C:\Users\Ram\OneDrive - University of Sussex\Desktop\LZ correlation\LZ_correlation\noise\noise_29.jpg, C:\Users\Ram\OneDrive - University of Sussex\Desktop\LZ correlation\LZ_correlation\noise\noise_236.jpg, C:\Users\Ram\OneDrive - University of Sussex\Desktop\LZ correlation\LZ_correlation\noise\noise_196.jpg,     z
C:\Users\Ram\OneDrive - University of Sussex\Desktop\LZ correlation\LZ_correlation\natural\natural_180.jpg, C:\Users\Ram\OneDrive - University of Sussex\Desktop\LZ correlation\LZ_correlation\natural\natural_97.jpg, C:\Users\Ram\OneDrive - University of Sussex\Desktop\LZ correlation\LZ_correlation\natural\natural_158.jpg, C:\Users\Ram\OneDrive - University of Sussex\Desktop\LZ correlation\LZ_correlation\natural\natural_78.jpg,     z
C:\Users\Ram\OneDrive - University of Sussex\Desktop\LZ correlation\LZ_correlation\final_scrambled\scrambled_127.jpg, C:\Users\Ram\OneDrive - University of Sussex\Desktop\LZ correlation\LZ_correlation\final_scrambled\scrambled_158.jpg, C:\Users\Ram\OneDrive - University of Sussex\Desktop\LZ correlation\LZ_correlation\final_scrambled\scrambled_6.jpg, C:\Users\Ram\OneDrive - University of Sussex\Desktop\LZ correlation\LZ_correlation\final_scrambled\scrambled_58.jpg,     a
C:\Users\Ram\OneDrive - University of Sussex\Desktop\LZ correlation\LZ_correlation\noise\noise_229.jpg, C:\Users\Ram\OneDrive - University of Sussex\Desktop\LZ correlation\LZ_correlation\noise\noise_25.jpg, C:\Users\Ram\OneDrive - University of Sussex\Desktop\LZ correlation\LZ_correlation\noise\noise_99.jpg, C:\Users\Ram\OneDrive - University of Sussex\Desktop\LZ correlation\LZ_correlation\noise\noise_14.jpg,     z
C:\Users\Ram\OneDrive - University of Sussex\Desktop\LZ correlation\LZ_correlation\noise\noise_48.jpg, C:\Users\Ram\OneDrive - University of Sussex\Desktop\LZ correlation\LZ_correlation\noise\noise_100.jpg, C:\Users\Ram\OneDrive - University of Sussex\Desktop\LZ correlation\LZ_correlation\noise\noise_213.jpg, C:\Users\Ram\OneDrive - University of Sussex\Desktop\LZ correlation\LZ_correlation\noise\noise_144.jpg,     a
C:\Users\Ram\OneDrive - University of Sussex\Desktop\LZ correlation\LZ_correlation\natural\natural_236.jpg, C:\Users\Ram\OneDrive - University of Sussex\Desktop\LZ correlation\LZ_correlation\natural\natural_174.jpg, C:\Users\Ram\OneDrive - University of Sussex\Desktop\LZ correlation\LZ_correlation\natural\natural_56.jpg, C:\Users\Ram\OneDrive - University of Sussex\Desktop\LZ correlation\LZ_correlation\natural\natural_161.jpg,     z
C:\Users\Ram\OneDrive - University of Sussex\Desktop\LZ correlation\LZ_correlation\final_scrambled\scrambled_69.jpg, C:\Users\Ram\OneDrive - University of Sussex\Desktop\LZ correlation\LZ_correlation\final_scrambled\scrambled_141.jpg, C:\Users\Ram\OneDrive - University of Sussex\Desktop\LZ correlation\LZ_correlation\final_scrambled\scrambled_101.jpg, C:\Users\Ram\OneDrive - University of Sussex\Desktop\LZ correlation\LZ_correlation\final_scrambled\scrambled_154.jpg,     a
C:\Users\Ram\OneDrive - University of Sussex\Desktop\LZ correlation\LZ_correlation\noise\noise_212.jpg, C:\Users\Ram\OneDrive - University of Sussex\Desktop\LZ correlation\LZ_correlation\noise\noise_39.jpg, C:\Users\Ram\OneDrive - University of Sussex\Desktop\LZ correlation\LZ_correlation\noise\noise_187.jpg, C:\Users\Ram\OneDrive - University of Sussex\Desktop\LZ correlation\LZ_correlation\noise\noise_99.jpg,     z
C:\Users\Ram\OneDrive - University of Sussex\Desktop\LZ correlation\LZ_correlation\final_scrambled\scrambled_139.jpg, C:\Users\Ram\OneDrive - University of Sussex\Desktop\LZ correlation\LZ_correlation\final_scrambled\scrambled_22.jpg, C:\Users\Ram\OneDrive - University of Sussex\Desktop\LZ correlation\LZ_correlation\final_scrambled\scrambled_195.jpg, C:\Users\Ram\OneDrive - University of Sussex\Desktop\LZ correlation\LZ_correlation\final_scrambled\scrambled_80.jpg,     z
C:\Users\Ram\OneDrive - University of Sussex\Desktop\LZ correlation\LZ_correlation\noise\noise_7.jpg, C:\Users\Ram\OneDrive - University of Sussex\Desktop\LZ correlation\LZ_correlation\noise\noise_33.jpg, C:\Users\Ram\OneDrive - University of Sussex\Desktop\LZ correlation\LZ_correlation\noise\noise_137.jpg, C:\Users\Ram\OneDrive - University of Sussex\Desktop\LZ correlation\LZ_correlation\noise\noise_194.jpg,     a
C:\Users\Ram\OneDrive - University of Sussex\Desktop\LZ correlation\LZ_correlation\final_scrambled\scrambled_11.jpg, C:\Users\Ram\OneDrive - University of Sussex\Desktop\LZ correlation\LZ_correlation\final_scrambled\scrambled_125.jpg, C:\Users\Ram\OneDrive - University of Sussex\Desktop\LZ correlation\LZ_correlation\final_scrambled\scrambled_63.jpg, C:\Users\Ram\OneDrive - University of Sussex\Desktop\LZ correlation\LZ_correlation\final_scrambled\scrambled_142.jpg,     m
C:\Users\Ram\OneDrive - University of Sussex\Desktop\LZ correlation\LZ_correlation\natural\natural_155.jpg, C:\Users\Ram\OneDrive - University of Sussex\Desktop\LZ correlation\LZ_correlation\natural\natural_100.jpg, C:\Users\Ram\OneDrive - University of Sussex\Desktop\LZ correlation\LZ_correlation\natural\natural_108.jpg, C:\Users\Ram\OneDrive - University of Sussex\Desktop\LZ correlation\LZ_correlation\natural\natural_158.jpg,     z
C:\Users\Ram\OneDrive - University of Sussex\Desktop\LZ correlation\LZ_correlation\natural\natural_162.jpg, C:\Users\Ram\OneDrive - University of Sussex\Desktop\LZ correlation\LZ_correlation\natural\natural_157.jpg, C:\Users\Ram\OneDrive - University of Sussex\Desktop\LZ correlation\LZ_correlation\natural\natural_200.jpg, C:\Users\Ram\OneDrive - University of Sussex\Desktop\LZ correlation\LZ_correlation\natural\natural_47.jpg,     a
C:\Users\Ram\OneDrive - University of Sussex\Desktop\LZ correlation\LZ_correlation\natural\natural_84.jpg, C:\Users\Ram\OneDrive - University of Sussex\Desktop\LZ correlation\LZ_correlation\natural\natural_151.jpg, C:\Users\Ram\OneDrive - University of Sussex\Desktop\LZ correlation\LZ_correlation\natural\natural_206.jpg, C:\Users\Ram\OneDrive - University of Sussex\Desktop\LZ correlation\LZ_correlation\natural\natural_117.jpg,     k
C:\Users\Ram\OneDrive - University of Sussex\Desktop\LZ correlation\LZ_correlation\natural\natural_210.jpg, C:\Users\Ram\OneDrive - University of Sussex\Desktop\LZ correlation\LZ_correlation\natural\natural_230.jpg, C:\Users\Ram\OneDrive - University of Sussex\Desktop\LZ correlation\LZ_correlation\natural\natural_156.jpg, C:\Users\Ram\OneDrive - University of Sussex\Desktop\LZ correlation\LZ_correlation\natural\natural_42.jpg,     a
C:\Users\Ram\OneDrive - University of Sussex\Desktop\LZ correlation\LZ_correlation\noise\noise_229.jpg, C:\Users\Ram\OneDrive - University of Sussex\Desktop\LZ correlation\LZ_correlation\noise\noise_233.jpg, C:\Users\Ram\OneDrive - University of Sussex\Desktop\LZ correlation\LZ_correlation\noise\noise_106.jpg, C:\Users\Ram\OneDrive - University of Sussex\Desktop\LZ correlation\LZ_correlation\noise\noise_212.jpg,     m
C:\Users\Ram\OneDrive - University of Sussex\Desktop\LZ correlation\LZ_correlation\noise\noise_82.jpg, C:\Users\Ram\OneDrive - University of Sussex\Desktop\LZ correlation\LZ_correlation\noise\noise_219.jpg, C:\Users\Ram\OneDrive - University of Sussex\Desktop\LZ correlation\LZ_correlation\noise\noise_126.jpg, C:\Users\Ram\OneDrive - University of Sussex\Desktop\LZ correlation\LZ_correlation\noise\noise_170.jpg,     m
C:\Users\Ram\OneDrive - University of Sussex\Desktop\LZ correlation\LZ_correlation\final_scrambled\scrambled_13.jpg, C:\Users\Ram\OneDrive - University of Sussex\Desktop\LZ correlation\LZ_correlation\final_scrambled\scrambled_90.jpg, C:\Users\Ram\OneDrive - University of Sussex\Desktop\LZ correlation\LZ_correlation\final_scrambled\scrambled_224.jpg, C:\Users\Ram\OneDrive - University of Sussex\Desktop\LZ correlation\LZ_correlation\final_scrambled\scrambled_57.jpg,     k
C:\Users\Ram\OneDrive - University of Sussex\Desktop\LZ correlation\LZ_correlation\final_scrambled\scrambled_121.jpg, C:\Users\Ram\OneDrive - University of Sussex\Desktop\LZ correlation\LZ_correlation\final_scrambled\scrambled_157.jpg, C:\Users\Ram\OneDrive - University of Sussex\Desktop\LZ correlation\LZ_correlation\final_scrambled\scrambled_84.jpg, C:\Users\Ram\OneDrive - University of Sussex\Desktop\LZ correlation\LZ_correlation\final_scrambled\scrambled_152.jpg,     k
C:\Users\Ram\OneDrive - University of Sussex\Desktop\LZ correlation\LZ_correlation\natural\natural_232.jpg, C:\Users\Ram\OneDrive - University of Sussex\Desktop\LZ correlation\LZ_correlation\natural\natural_237.jpg, C:\Users\Ram\OneDrive - University of Sussex\Desktop\LZ correlation\LZ_correlation\natural\natural_127.jpg, C:\Users\Ram\OneDrive - University of Sussex\Desktop\LZ correlation\LZ_correlation\natural\natural_237.jpg,     z
C:\Users\Ram\OneDrive - University of Sussex\Desktop\LZ correlation\LZ_correlation\natural\natural_84.jpg, C:\Users\Ram\OneDrive - University of Sussex\Desktop\LZ correlation\LZ_correlation\natural\natural_218.jpg, C:\Users\Ram\OneDrive - University of Sussex\Desktop\LZ correlation\LZ_correlation\natural\natural_182.jpg, C:\Users\Ram\OneDrive - University of Sussex\Desktop\LZ correlation\LZ_correlation\natural\natural_11.jpg,     a
C:\Users\Ram\OneDrive - University of Sussex\Desktop\LZ correlation\LZ_correlation\final_scrambled\scrambled_124.jpg, C:\Users\Ram\OneDrive - University of Sussex\Desktop\LZ correlation\LZ_correlation\final_scrambled\scrambled_96.jpg, C:\Users\Ram\OneDrive - University of Sussex\Desktop\LZ correlation\LZ_correlation\final_scrambled\scrambled_128.jpg, C:\Users\Ram\OneDrive - University of Sussex\Desktop\LZ correlation\LZ_correlation\final_scrambled\scrambled_77.jpg,     k
C:\Users\Ram\OneDrive - University of Sussex\Desktop\LZ correlation\LZ_correlation\noise\noise_36.jpg, C:\Users\Ram\OneDrive - University of Sussex\Desktop\LZ correlation\LZ_correlation\noise\noise_90.jpg, C:\Users\Ram\OneDrive - University of Sussex\Desktop\LZ correlation\LZ_correlation\noise\noise_113.jpg, C:\Users\Ram\OneDrive - University of Sussex\Desktop\LZ correlation\LZ_correlation\noise\noise_73.jpg,     k
C:\Users\Ram\OneDrive - University of Sussex\Desktop\LZ correlation\LZ_correlation\noise\noise_40.jpg, C:\Users\Ram\OneDrive - University of Sussex\Desktop\LZ correlation\LZ_correlation\noise\noise_93.jpg, C:\Users\Ram\OneDrive - University of Sussex\Desktop\LZ correlation\LZ_correlation\noise\noise_15.jpg, C:\Users\Ram\OneDrive - University of Sussex\Desktop\LZ correlation\LZ_correlation\noise\noise_149.jpg,     k
C:\Users\Ram\OneDrive - University of Sussex\Desktop\LZ correlation\LZ_correlation\noise\noise_218.jpg, C:\Users\Ram\OneDrive - University of Sussex\Desktop\LZ correlation\LZ_correlation\noise\noise_140.jpg, C:\Users\Ram\OneDrive - University of Sussex\Desktop\LZ correlation\LZ_correlation\noise\noise_142.jpg, C:\Users\Ram\OneDrive - University of Sussex\Desktop\LZ correlation\LZ_correlation\noise\noise_85.jpg,     m
C:\Users\Ram\OneDrive - University of Sussex\Desktop\LZ correlation\LZ_correlation\final_scrambled\scrambled_171.jpg, C:\Users\Ram\OneDrive - University of Sussex\Desktop\LZ correlation\LZ_correlation\final_scrambled\scrambled_56.jpg, C:\Users\Ram\OneDrive - University of Sussex\Desktop\LZ correlation\LZ_correlation\final_scrambled\scrambled_210.jpg, C:\Users\Ram\OneDrive - University of Sussex\Desktop\LZ correlation\LZ_correlation\final_scrambled\scrambled_182.jpg,     k
C:\Users\Ram\OneDrive - University of Sussex\Desktop\LZ correlation\LZ_correlation\natural\natural_159.jpg, C:\Users\Ram\OneDrive - University of Sussex\Desktop\LZ correlation\LZ_correlation\natural\natural_177.jpg, C:\Users\Ram\OneDrive - University of Sussex\Desktop\LZ correlation\LZ_correlation\natural\natural_38.jpg, C:\Users\Ram\OneDrive - University of Sussex\Desktop\LZ correlation\LZ_correlation\natural\natural_115.jpg,     z
C:\Users\Ram\OneDrive - University of Sussex\Desktop\LZ correlation\LZ_correlation\noise\noise_178.jpg, C:\Users\Ram\OneDrive - University of Sussex\Desktop\LZ correlation\LZ_correlation\noise\noise_13.jpg, C:\Users\Ram\OneDrive - University of Sussex\Desktop\LZ correlation\LZ_correlation\noise\noise_158.jpg, C:\Users\Ram\OneDrive - University of Sussex\Desktop\LZ correlation\LZ_correlation\noise\noise_216.jpg,     a
C:\Users\Ram\OneDrive - University of Sussex\Desktop\LZ correlation\LZ_correlation\final_scrambled\scrambled_74.jpg, C:\Users\Ram\OneDrive - University of Sussex\Desktop\LZ correlation\LZ_correlation\final_scrambled\scrambled_146.jpg, C:\Users\Ram\OneDrive - University of Sussex\Desktop\LZ correlation\LZ_correlation\final_scrambled\scrambled_56.jpg, C:\Users\Ram\OneDrive - University of Sussex\Desktop\LZ correlation\LZ_correlation\final_scrambled\scrambled_26.jpg,     z
C:\Users\Ram\OneDrive - University of Sussex\Desktop\LZ correlation\LZ_correlation\final_scrambled\scrambled_116.jpg, C:\Users\Ram\OneDrive - University of Sussex\Desktop\LZ correlation\LZ_correlation\final_scrambled\scrambled_155.jpg, C:\Users\Ram\OneDrive - University of Sussex\Desktop\LZ correlation\LZ_correlation\final_scrambled\scrambled_157.jpg, C:\Users\Ram\OneDrive - University of Sussex\Desktop\LZ correlation\LZ_correlation\final_scrambled\scrambled_82.jpg,     k
C:\Users\Ram\OneDrive - University of Sussex\Desktop\LZ correlation\LZ_correlation\natural\natural_163.jpg, C:\Users\Ram\OneDrive - University of Sussex\Desktop\LZ correlation\LZ_correlation\natural\natural_4.jpg, C:\Users\Ram\OneDrive - University of Sussex\Desktop\LZ correlation\LZ_correlation\natural\natural_174.jpg, C:\Users\Ram\OneDrive - University of Sussex\Desktop\LZ correlation\LZ_correlation\natural\natural_177.jpg,     a
C:\Users\Ram\OneDrive - University of Sussex\Desktop\LZ correlation\LZ_correlation\final_scrambled\scrambled_207.jpg, C:\Users\Ram\OneDrive - University of Sussex\Desktop\LZ correlation\LZ_correlation\final_scrambled\scrambled_45.jpg, C:\Users\Ram\OneDrive - University of Sussex\Desktop\LZ correlation\LZ_correlation\final_scrambled\scrambled_175.jpg, C:\Users\Ram\OneDrive - University of Sussex\Desktop\LZ correlation\LZ_correlation\final_scrambled\scrambled_227.jpg,     a
C:\Users\Ram\OneDrive - University of Sussex\Desktop\LZ correlation\LZ_correlation\noise\noise_187.jpg, C:\Users\Ram\OneDrive - University of Sussex\Desktop\LZ correlation\LZ_correlation\noise\noise_148.jpg, C:\Users\Ram\OneDrive - University of Sussex\Desktop\LZ correlation\LZ_correlation\noise\noise_194.jpg, C:\Users\Ram\OneDrive - University of Sussex\Desktop\LZ correlation\LZ_correlation\noise\noise_107.jpg,     a
C:\Users\Ram\OneDrive - University of Sussex\Desktop\LZ correlation\LZ_correlation\natural\natural_61.jpg, C:\Users\Ram\OneDrive - University of Sussex\Desktop\LZ correlation\LZ_correlation\natural\natural_99.jpg, C:\Users\Ram\OneDrive - University of Sussex\Desktop\LZ correlation\LZ_correlation\natural\natural_73.jpg, C:\Users\Ram\OneDrive - University of Sussex\Desktop\LZ correlation\LZ_correlation\natural\natural_216.jpg,     k
C:\Users\Ram\OneDrive - University of Sussex\Desktop\LZ correlation\LZ_correlation\final_scrambled\scrambled_173.jpg, C:\Users\Ram\OneDrive - University of Sussex\Desktop\LZ correlation\LZ_correlation\final_scrambled\scrambled_129.jpg, C:\Users\Ram\OneDrive - University of Sussex\Desktop\LZ correlation\LZ_correlation\final_scrambled\scrambled_82.jpg, C:\Users\Ram\OneDrive - University of Sussex\Desktop\LZ correlation\LZ_correlation\final_scrambled\scrambled_4.jpg,     m
C:\Users\Ram\OneDrive - University of Sussex\Desktop\LZ correlation\LZ_correlation\final_scrambled\scrambled_157.jpg, C:\Users\Ram\OneDrive - University of Sussex\Desktop\LZ correlation\LZ_correlation\final_scrambled\scrambled_163.jpg, C:\Users\Ram\OneDrive - University of Sussex\Desktop\LZ correlation\LZ_correlation\final_scrambled\scrambled_29.jpg, C:\Users\Ram\OneDrive - University of Sussex\Desktop\LZ correlation\LZ_correlation\final_scrambled\scrambled_33.jpg,     z
C:\Users\Ram\OneDrive - University of Sussex\Desktop\LZ correlation\LZ_correlation\final_scrambled\scrambled_72.jpg, C:\Users\Ram\OneDrive - University of Sussex\Desktop\LZ correlation\LZ_correlation\final_scrambled\scrambled_3.jpg, C:\Users\Ram\OneDrive - University of Sussex\Desktop\LZ correlation\LZ_correlation\final_scrambled\scrambled_181.jpg, C:\Users\Ram\OneDrive - University of Sussex\Desktop\LZ correlation\LZ_correlation\final_scrambled\scrambled_219.jpg,     m
C:\Users\Ram\OneDrive - University of Sussex\Desktop\LZ correlation\LZ_correlation\natural\natural_85.jpg, C:\Users\Ram\OneDrive - University of Sussex\Desktop\LZ correlation\LZ_correlation\natural\natural_5.jpg, C:\Users\Ram\OneDrive - University of Sussex\Desktop\LZ correlation\LZ_correlation\natural\natural_57.jpg, C:\Users\Ram\OneDrive - University of Sussex\Desktop\LZ correlation\LZ_correlation\natural\natural_195.jpg,     z
C:\Users\Ram\OneDrive - University of Sussex\Desktop\LZ correlation\LZ_correlation\natural\natural_187.jpg, C:\Users\Ram\OneDrive - University of Sussex\Desktop\LZ correlation\LZ_correlation\natural\natural_74.jpg, C:\Users\Ram\OneDrive - University of Sussex\Desktop\LZ correlation\LZ_correlation\natural\natural_119.jpg, C:\Users\Ram\OneDrive - University of Sussex\Desktop\LZ correlation\LZ_correlation\natural\natural_87.jpg,     k
C:\Users\Ram\OneDrive - University of Sussex\Desktop\LZ correlation\LZ_correlation\final_scrambled\scrambled_239.jpg, C:\Users\Ram\OneDrive - University of Sussex\Desktop\LZ correlation\LZ_correlation\final_scrambled\scrambled_65.jpg, C:\Users\Ram\OneDrive - University of Sussex\Desktop\LZ correlation\LZ_correlation\final_scrambled\scrambled_153.jpg, C:\Users\Ram\OneDrive - University of Sussex\Desktop\LZ correlation\LZ_correlation\final_scrambled\scrambled_216.jpg,     k
C:\Users\Ram\OneDrive - University of Sussex\Desktop\LZ correlation\LZ_correlation\noise\noise_61.jpg, C:\Users\Ram\OneDrive - University of Sussex\Desktop\LZ correlation\LZ_correlation\noise\noise_87.jpg, C:\Users\Ram\OneDrive - University of Sussex\Desktop\LZ correlation\LZ_correlation\noise\noise_188.jpg, C:\Users\Ram\OneDrive - University of Sussex\Desktop\LZ correlation\LZ_correlation\noise\noise_146.jpg,     m
C:\Users\Ram\OneDrive - University of Sussex\Desktop\LZ correlation\LZ_correlation\noise\noise_194.jpg, C:\Users\Ram\OneDrive - University of Sussex\Desktop\LZ correlation\LZ_correlation\noise\noise_160.jpg, C:\Users\Ram\OneDrive - University of Sussex\Desktop\LZ correlation\LZ_correlation\noise\noise_211.jpg, C:\Users\Ram\OneDrive - University of Sussex\Desktop\LZ correlation\LZ_correlation\noise\noise_199.jpg,     z
C:\Users\Ram\OneDrive - University of Sussex\Desktop\LZ correlation\LZ_correlation\final_scrambled\scrambled_205.jpg, C:\Users\Ram\OneDrive - University of Sussex\Desktop\LZ correlation\LZ_correlation\final_scrambled\scrambled_30.jpg, C:\Users\Ram\OneDrive - University of Sussex\Desktop\LZ correlation\LZ_correlation\final_scrambled\scrambled_190.jpg, C:\Users\Ram\OneDrive - University of Sussex\Desktop\LZ correlation\LZ_correlation\final_scrambled\scrambled_134.jpg,     m
C:\Users\Ram\OneDrive - University of Sussex\Desktop\LZ correlation\LZ_correlation\natural\natural_199.jpg, C:\Users\Ram\OneDrive - University of Sussex\Desktop\LZ correlation\LZ_correlation\natural\natural_62.jpg, C:\Users\Ram\OneDrive - University of Sussex\Desktop\LZ correlation\LZ_correlation\natural\natural_118.jpg, C:\Users\Ram\OneDrive - University of Sussex\Desktop\LZ correlation\LZ_correlation\natural\natural_15.jpg,     k
C:\Users\Ram\OneDrive - University of Sussex\Desktop\LZ correlation\LZ_correlation\final_scrambled\scrambled_174.jpg, C:\Users\Ram\OneDrive - University of Sussex\Desktop\LZ correlation\LZ_correlation\final_scrambled\scrambled_50.jpg, C:\Users\Ram\OneDrive - University of Sussex\Desktop\LZ correlation\LZ_correlation\final_scrambled\scrambled_73.jpg, C:\Users\Ram\OneDrive - University of Sussex\Desktop\LZ correlation\LZ_correlation\final_scrambled\scrambled_80.jpg,     k
C:\Users\Ram\OneDrive - University of Sussex\Desktop\LZ correlation\LZ_correlation\final_scrambled\scrambled_189.jpg, C:\Users\Ram\OneDrive - University of Sussex\Desktop\LZ correlation\LZ_correlation\final_scrambled\scrambled_160.jpg, C:\Users\Ram\OneDrive - University of Sussex\Desktop\LZ correlation\LZ_correlation\final_scrambled\scrambled_101.jpg, C:\Users\Ram\OneDrive - University of Sussex\Desktop\LZ correlation\LZ_correlation\final_scrambled\scrambled_34.jpg,     m
C:\Users\Ram\OneDrive - University of Sussex\Desktop\LZ correlation\LZ_correlation\final_scrambled\scrambled_87.jpg, C:\Users\Ram\OneDrive - University of Sussex\Desktop\LZ correlation\LZ_correlation\final_scrambled\scrambled_3.jpg, C:\Users\Ram\OneDrive - University of Sussex\Desktop\LZ correlation\LZ_correlation\final_scrambled\scrambled_115.jpg, C:\Users\Ram\OneDrive - University of Sussex\Desktop\LZ correlation\LZ_correlation\final_scrambled\scrambled_240.jpg,     k
C:\Users\Ram\OneDrive - University of Sussex\Desktop\LZ correlation\LZ_correlation\noise\noise_62.jpg, C:\Users\Ram\OneDrive - University of Sussex\Desktop\LZ correlation\LZ_correlation\noise\noise_224.jpg, C:\Users\Ram\OneDrive - University of Sussex\Desktop\LZ correlation\LZ_correlation\noise\noise_56.jpg, C:\Users\Ram\OneDrive - University of Sussex\Desktop\LZ correlation\LZ_correlation\noise\noise_139.jpg,     z
C:\Users\Ram\OneDrive - University of Sussex\Desktop\LZ correlation\LZ_correlation\final_scrambled\scrambled_104.jpg, C:\Users\Ram\OneDrive - University of Sussex\Desktop\LZ correlation\LZ_correlation\final_scrambled\scrambled_93.jpg, C:\Users\Ram\OneDrive - University of Sussex\Desktop\LZ correlation\LZ_correlation\final_scrambled\scrambled_169.jpg, C:\Users\Ram\OneDrive - University of Sussex\Desktop\LZ correlation\LZ_correlation\final_scrambled\scrambled_130.jpg,     z
C:\Users\Ram\OneDrive - University of Sussex\Desktop\LZ correlation\LZ_correlation\final_scrambled\scrambled_92.jpg, C:\Users\Ram\OneDrive - University of Sussex\Desktop\LZ correlation\LZ_correlation\final_scrambled\scrambled_89.jpg, C:\Users\Ram\OneDrive - University of Sussex\Desktop\LZ correlation\LZ_correlation\final_scrambled\scrambled_44.jpg, C:\Users\Ram\OneDrive - University of Sussex\Desktop\LZ correlation\LZ_correlation\final_scrambled\scrambled_76.jpg,     z
C:\Users\Ram\OneDrive - University of Sussex\Desktop\LZ correlation\LZ_correlation\noise\noise_110.jpg, C:\Users\Ram\OneDrive - University of Sussex\Desktop\LZ correlation\LZ_correlation\noise\noise_181.jpg, C:\Users\Ram\OneDrive - University of Sussex\Desktop\LZ correlation\LZ_correlation\noise\noise_181.jpg, C:\Users\Ram\OneDrive - University of Sussex\Desktop\LZ correlation\LZ_correlation\noise\noise_84.jpg,     a
C:\Users\Ram\OneDrive - University of Sussex\Desktop\LZ correlation\LZ_correlation\noise\noise_226.jpg, C:\Users\Ram\OneDrive - University of Sussex\Desktop\LZ correlation\LZ_correlation\noise\noise_34.jpg, C:\Users\Ram\OneDrive - University of Sussex\Desktop\LZ correlation\LZ_correlation\noise\noise_70.jpg, C:\Users\Ram\OneDrive - University of Sussex\Desktop\LZ correlation\LZ_correlation\noise\noise_57.jpg,     a
C:\Users\Ram\OneDrive - University of Sussex\Desktop\LZ correlation\LZ_correlation\noise\noise_72.jpg, C:\Users\Ram\OneDrive - University of Sussex\Desktop\LZ correlation\LZ_correlation\noise\noise_91.jpg, C:\Users\Ram\OneDrive - University of Sussex\Desktop\LZ correlation\LZ_correlation\noise\noise_138.jpg, C:\Users\Ram\OneDrive - University of Sussex\Desktop\LZ correlation\LZ_correlation\noise\noise_193.jpg,     a
C:\Users\Ram\OneDrive - University of Sussex\Desktop\LZ correlation\LZ_correlation\natural\natural_124.jpg, C:\Users\Ram\OneDrive - University of Sussex\Desktop\LZ correlation\LZ_correlation\natural\natural_37.jpg, C:\Users\Ram\OneDrive - University of Sussex\Desktop\LZ correlation\LZ_correlation\natural\natural_199.jpg, C:\Users\Ram\OneDrive - University of Sussex\Desktop\LZ correlation\LZ_correlation\natural\natural_99.jpg,     a
C:\Users\Ram\OneDrive - University of Sussex\Desktop\LZ correlation\LZ_correlation\noise\noise_8.jpg, C:\Users\Ram\OneDrive - University of Sussex\Desktop\LZ correlation\LZ_correlation\noise\noise_106.jpg, C:\Users\Ram\OneDrive - University of Sussex\Desktop\LZ correlation\LZ_correlation\noise\noise_129.jpg, C:\Users\Ram\OneDrive - University of Sussex\Desktop\LZ correlation\LZ_correlation\noise\noise_121.jpg,     k
C:\Users\Ram\OneDrive - University of Sussex\Desktop\LZ correlation\LZ_correlation\noise\noise_99.jpg, C:\Users\Ram\OneDrive - University of Sussex\Desktop\LZ correlation\LZ_correlation\noise\noise_47.jpg, C:\Users\Ram\OneDrive - University of Sussex\Desktop\LZ correlation\LZ_correlation\noise\noise_169.jpg, C:\Users\Ram\OneDrive - University of Sussex\Desktop\LZ correlation\LZ_correlation\noise\noise_168.jpg,     k
C:\Users\Ram\OneDrive - University of Sussex\Desktop\LZ correlation\LZ_correlation\noise\noise_163.jpg, C:\Users\Ram\OneDrive - University of Sussex\Desktop\LZ correlation\LZ_correlation\noise\noise_28.jpg, C:\Users\Ram\OneDrive - University of Sussex\Desktop\LZ correlation\LZ_correlation\noise\noise_158.jpg, C:\Users\Ram\OneDrive - University of Sussex\Desktop\LZ correlation\LZ_correlation\noise\noise_149.jpg,     z
C:\Users\Ram\OneDrive - University of Sussex\Desktop\LZ correlation\LZ_correlation\natural\natural_5.jpg, C:\Users\Ram\OneDrive - University of Sussex\Desktop\LZ correlation\LZ_correlation\natural\natural_168.jpg, C:\Users\Ram\OneDrive - University of Sussex\Desktop\LZ correlation\LZ_correlation\natural\natural_71.jpg, C:\Users\Ram\OneDrive - University of Sussex\Desktop\LZ correlation\LZ_correlation\natural\natural_79.jpg,     z
C:\Users\Ram\OneDrive - University of Sussex\Desktop\LZ correlation\LZ_correlation\noise\noise_133.jpg, C:\Users\Ram\OneDrive - University of Sussex\Desktop\LZ correlation\LZ_correlation\noise\noise_189.jpg, C:\Users\Ram\OneDrive - University of Sussex\Desktop\LZ correlation\LZ_correlation\noise\noise_128.jpg, C:\Users\Ram\OneDrive - University of Sussex\Desktop\LZ correlation\LZ_correlation\noise\noise_187.jpg,     k
C:\Users\Ram\OneDrive - University of Sussex\Desktop\LZ correlation\LZ_correlation\noise\noise_42.jpg, C:\Users\Ram\OneDrive - University of Sussex\Desktop\LZ correlation\LZ_correlation\noise\noise_70.jpg, C:\Users\Ram\OneDrive - University of Sussex\Desktop\LZ correlation\LZ_correlation\noise\noise_75.jpg, C:\Users\Ram\OneDrive - University of Sussex\Desktop\LZ correlation\LZ_correlation\noise\noise_86.jpg,     a
C:\Users\Ram\OneDrive - University of Sussex\Desktop\LZ correlation\LZ_correlation\noise\noise_71.jpg, C:\Users\Ram\OneDrive - University of Sussex\Desktop\LZ correlation\LZ_correlation\noise\noise_62.jpg, C:\Users\Ram\OneDrive - University of Sussex\Desktop\LZ correlation\LZ_correlation\noise\noise_48.jpg, C:\Users\Ram\OneDrive - University of Sussex\Desktop\LZ correlation\LZ_correlation\noise\noise_211.jpg,     m
C:\Users\Ram\OneDrive - University of Sussex\Desktop\LZ correlation\LZ_correlation\natural\natural_11.jpg, C:\Users\Ram\OneDrive - University of Sussex\Desktop\LZ correlation\LZ_correlation\natural\natural_34.jpg, C:\Users\Ram\OneDrive - University of Sussex\Desktop\LZ correlation\LZ_correlation\natural\natural_124.jpg, C:\Users\Ram\OneDrive - University of Sussex\Desktop\LZ correlation\LZ_correlation\natural\natural_158.jpg,     a
C:\Users\Ram\OneDrive - University of Sussex\Desktop\LZ correlation\LZ_correlation\final_scrambled\scrambled_122.jpg, C:\Users\Ram\OneDrive - University of Sussex\Desktop\LZ correlation\LZ_correlation\final_scrambled\scrambled_187.jpg, C:\Users\Ram\OneDrive - University of Sussex\Desktop\LZ correlation\LZ_correlation\final_scrambled\scrambled_108.jpg, C:\Users\Ram\OneDrive - University of Sussex\Desktop\LZ correlation\LZ_correlation\final_scrambled\scrambled_220.jpg,     k
C:\Users\Ram\OneDrive - University of Sussex\Desktop\LZ correlation\LZ_correlation\final_scrambled\scrambled_56.jpg, C:\Users\Ram\OneDrive - University of Sussex\Desktop\LZ correlation\LZ_correlation\final_scrambled\scrambled_63.jpg, C:\Users\Ram\OneDrive - University of Sussex\Desktop\LZ correlation\LZ_correlation\final_scrambled\scrambled_68.jpg, C:\Users\Ram\OneDrive - University of Sussex\Desktop\LZ correlation\LZ_correlation\final_scrambled\scrambled_167.jpg,     z
C:\Users\Ram\OneDrive - University of Sussex\Desktop\LZ correlation\LZ_correlation\noise\noise_137.jpg, C:\Users\Ram\OneDrive - University of Sussex\Desktop\LZ correlation\LZ_correlation\noise\noise_195.jpg, C:\Users\Ram\OneDrive - University of Sussex\Desktop\LZ correlation\LZ_correlation\noise\noise_63.jpg, C:\Users\Ram\OneDrive - University of Sussex\Desktop\LZ correlation\LZ_correlation\noise\noise_54.jpg,     a
C:\Users\Ram\OneDrive - University of Sussex\Desktop\LZ correlation\LZ_correlation\noise\noise_138.jpg, C:\Users\Ram\OneDrive - University of Sussex\Desktop\LZ correlation\LZ_correlation\noise\noise_221.jpg, C:\Users\Ram\OneDrive - University of Sussex\Desktop\LZ correlation\LZ_correlation\noise\noise_166.jpg, C:\Users\Ram\OneDrive - University of Sussex\Desktop\LZ correlation\LZ_correlation\noise\noise_117.jpg,     m
C:\Users\Ram\OneDrive - University of Sussex\Desktop\LZ correlation\LZ_correlation\noise\noise_109.jpg, C:\Users\Ram\OneDrive - University of Sussex\Desktop\LZ correlation\LZ_correlation\noise\noise_68.jpg, C:\Users\Ram\OneDrive - University of Sussex\Desktop\LZ correlation\LZ_correlation\noise\noise_32.jpg, C:\Users\Ram\OneDrive - University of Sussex\Desktop\LZ correlation\LZ_correlation\noise\noise_232.jpg,     z
C:\Users\Ram\OneDrive - University of Sussex\Desktop\LZ correlation\LZ_correlation\natural\natural_104.jpg, C:\Users\Ram\OneDrive - University of Sussex\Desktop\LZ correlation\LZ_correlation\natural\natural_196.jpg, C:\Users\Ram\OneDrive - University of Sussex\Desktop\LZ correlation\LZ_correlation\natural\natural_137.jpg, C:\Users\Ram\OneDrive - University of Sussex\Desktop\LZ correlation\LZ_correlation\natural\natural_12.jpg,     a
C:\Users\Ram\OneDrive - University of Sussex\Desktop\LZ correlation\LZ_correlation\final_scrambled\scrambled_73.jpg, C:\Users\Ram\OneDrive - University of Sussex\Desktop\LZ correlation\LZ_correlation\final_scrambled\scrambled_10.jpg, C:\Users\Ram\OneDrive - University of Sussex\Desktop\LZ correlation\LZ_correlation\final_scrambled\scrambled_204.jpg, C:\Users\Ram\OneDrive - University of Sussex\Desktop\LZ correlation\LZ_correlation\final_scrambled\scrambled_64.jpg,     k
C:\Users\Ram\OneDrive - University of Sussex\Desktop\LZ correlation\LZ_correlation\natural\natural_74.jpg, C:\Users\Ram\OneDrive - University of Sussex\Desktop\LZ correlation\LZ_correlation\natural\natural_166.jpg, C:\Users\Ram\OneDrive - University of Sussex\Desktop\LZ correlation\LZ_correlation\natural\natural_167.jpg, C:\Users\Ram\OneDrive - University of Sussex\Desktop\LZ correlation\LZ_correlation\natural\natural_151.jpg,     m
C:\Users\Ram\OneDrive - University of Sussex\Desktop\LZ correlation\LZ_correlation\noise\noise_80.jpg, C:\Users\Ram\OneDrive - University of Sussex\Desktop\LZ correlation\LZ_correlation\noise\noise_62.jpg, C:\Users\Ram\OneDrive - University of Sussex\Desktop\LZ correlation\LZ_correlation\noise\noise_95.jpg, C:\Users\Ram\OneDrive - University of Sussex\Desktop\LZ correlation\LZ_correlation\noise\noise_102.jpg,     m
C:\Users\Ram\OneDrive - University of Sussex\Desktop\LZ correlation\LZ_correlation\final_scrambled\scrambled_151.jpg, C:\Users\Ram\OneDrive - University of Sussex\Desktop\LZ correlation\LZ_correlation\final_scrambled\scrambled_177.jpg, C:\Users\Ram\OneDrive - University of Sussex\Desktop\LZ correlation\LZ_correlation\final_scrambled\scrambled_79.jpg, C:\Users\Ram\OneDrive - University of Sussex\Desktop\LZ correlation\LZ_correlation\final_scrambled\scrambled_153.jpg,     k
C:\Users\Ram\OneDrive - University of Sussex\Desktop\LZ correlation\LZ_correlation\noise\noise_160.jpg, C:\Users\Ram\OneDrive - University of Sussex\Desktop\LZ correlation\LZ_correlation\noise\noise_176.jpg, C:\Users\Ram\OneDrive - University of Sussex\Desktop\LZ correlation\LZ_correlation\noise\noise_231.jpg, C:\Users\Ram\OneDrive - University of Sussex\Desktop\LZ correlation\LZ_correlation\noise\noise_168.jpg,     k
C:\Users\Ram\OneDrive - University of Sussex\Desktop\LZ correlation\LZ_correlation\final_scrambled\scrambled_66.jpg, C:\Users\Ram\OneDrive - University of Sussex\Desktop\LZ correlation\LZ_correlation\final_scrambled\scrambled_158.jpg, C:\Users\Ram\OneDrive - University of Sussex\Desktop\LZ correlation\LZ_correlation\final_scrambled\scrambled_98.jpg, C:\Users\Ram\OneDrive - University of Sussex\Desktop\LZ correlation\LZ_correlation\final_scrambled\scrambled_218.jpg,     m
C:\Users\Ram\OneDrive - University of Sussex\Desktop\LZ correlation\LZ_correlation\noise\noise_81.jpg, C:\Users\Ram\OneDrive - University of Sussex\Desktop\LZ correlation\LZ_correlation\noise\noise_67.jpg, C:\Users\Ram\OneDrive - University of Sussex\Desktop\LZ correlation\LZ_correlation\noise\noise_78.jpg, C:\Users\Ram\OneDrive - University of Sussex\Desktop\LZ correlation\LZ_correlation\noise\noise_110.jpg,     z
C:\Users\Ram\OneDrive - University of Sussex\Desktop\LZ correlation\LZ_correlation\natural\natural_235.jpg, C:\Users\Ram\OneDrive - University of Sussex\Desktop\LZ correlation\LZ_correlation\natural\natural_108.jpg, C:\Users\Ram\OneDrive - University of Sussex\Desktop\LZ correlation\LZ_correlation\natural\natural_231.jpg, C:\Users\Ram\OneDrive - University of Sussex\Desktop\LZ correlation\LZ_correlation\natural\natural_58.jpg,     z
C:\Users\Ram\OneDrive - University of Sussex\Desktop\LZ correlation\LZ_correlation\natural\natural_31.jpg, C:\Users\Ram\OneDrive - University of Sussex\Desktop\LZ correlation\LZ_correlation\natural\natural_189.jpg, C:\Users\Ram\OneDrive - University of Sussex\Desktop\LZ correlation\LZ_correlation\natural\natural_66.jpg, C:\Users\Ram\OneDrive - University of Sussex\Desktop\LZ correlation\LZ_correlation\natural\natural_175.jpg,     z
C:\Users\Ram\OneDrive - University of Sussex\Desktop\LZ correlation\LZ_correlation\natural\natural_229.jpg, C:\Users\Ram\OneDrive - University of Sussex\Desktop\LZ correlation\LZ_correlation\natural\natural_89.jpg, C:\Users\Ram\OneDrive - University of Sussex\Desktop\LZ correlation\LZ_correlation\natural\natural_221.jpg, C:\Users\Ram\OneDrive - University of Sussex\Desktop\LZ correlation\LZ_correlation\natural\natural_170.jpg,     a
C:\Users\Ram\OneDrive - University of Sussex\Desktop\LZ correlation\LZ_correlation\final_scrambled\scrambled_54.jpg, C:\Users\Ram\OneDrive - University of Sussex\Desktop\LZ correlation\LZ_correlation\final_scrambled\scrambled_61.jpg, C:\Users\Ram\OneDrive - University of Sussex\Desktop\LZ correlation\LZ_correlation\final_scrambled\scrambled_201.jpg, C:\Users\Ram\OneDrive - University of Sussex\Desktop\LZ correlation\LZ_correlation\final_scrambled\scrambled_231.jpg,     a
C:\Users\Ram\OneDrive - University of Sussex\Desktop\LZ correlation\LZ_correlation\natural\natural_28.jpg, C:\Users\Ram\OneDrive - University of Sussex\Desktop\LZ correlation\LZ_correlation\natural\natural_119.jpg, C:\Users\Ram\OneDrive - University of Sussex\Desktop\LZ correlation\LZ_correlation\natural\natural_82.jpg, C:\Users\Ram\OneDrive - University of Sussex\Desktop\LZ correlation\LZ_correlation\natural\natural_48.jpg,     a
C:\Users\Ram\OneDrive - University of Sussex\Desktop\LZ correlation\LZ_correlation\natural\natural_203.jpg, C:\Users\Ram\OneDrive - University of Sussex\Desktop\LZ correlation\LZ_correlation\natural\natural_154.jpg, C:\Users\Ram\OneDrive - University of Sussex\Desktop\LZ correlation\LZ_correlation\natural\natural_59.jpg, C:\Users\Ram\OneDrive - University of Sussex\Desktop\LZ correlation\LZ_correlation\natural\natural_84.jpg,     k
C:\Users\Ram\OneDrive - University of Sussex\Desktop\LZ correlation\LZ_correlation\final_scrambled\scrambled_79.jpg, C:\Users\Ram\OneDrive - University of Sussex\Desktop\LZ correlation\LZ_correlation\final_scrambled\scrambled_155.jpg, C:\Users\Ram\OneDrive - University of Sussex\Desktop\LZ correlation\LZ_correlation\final_scrambled\scrambled_65.jpg, C:\Users\Ram\OneDrive - University of Sussex\Desktop\LZ correlation\LZ_correlation\final_scrambled\scrambled_180.jpg,     k
C:\Users\Ram\OneDrive - University of Sussex\Desktop\LZ correlation\LZ_correlation\final_scrambled\scrambled_67.jpg, C:\Users\Ram\OneDrive - University of Sussex\Desktop\LZ correlation\LZ_correlation\final_scrambled\scrambled_175.jpg, C:\Users\Ram\OneDrive - University of Sussex\Desktop\LZ correlation\LZ_correlation\final_scrambled\scrambled_103.jpg, C:\Users\Ram\OneDrive - University of Sussex\Desktop\LZ correlation\LZ_correlation\final_scrambled\scrambled_99.jpg,     m
C:\Users\Ram\OneDrive - University of Sussex\Desktop\LZ correlation\LZ_correlation\final_scrambled\scrambled_175.jpg, C:\Users\Ram\OneDrive - University of Sussex\Desktop\LZ correlation\LZ_correlation\final_scrambled\scrambled_40.jpg, C:\Users\Ram\OneDrive - University of Sussex\Desktop\LZ correlation\LZ_correlation\final_scrambled\scrambled_102.jpg, C:\Users\Ram\OneDrive - University of Sussex\Desktop\LZ correlation\LZ_correlation\final_scrambled\scrambled_183.jpg,     k
C:\Users\Ram\OneDrive - University of Sussex\Desktop\LZ correlation\LZ_correlation\final_scrambled\scrambled_185.jpg, C:\Users\Ram\OneDrive - University of Sussex\Desktop\LZ correlation\LZ_correlation\final_scrambled\scrambled_110.jpg, C:\Users\Ram\OneDrive - University of Sussex\Desktop\LZ correlation\LZ_correlation\final_scrambled\scrambled_51.jpg, C:\Users\Ram\OneDrive - University of Sussex\Desktop\LZ correlation\LZ_correlation\final_scrambled\scrambled_125.jpg,     a
C:\Users\Ram\OneDrive - University of Sussex\Desktop\LZ correlation\LZ_correlation\noise\noise_15.jpg, C:\Users\Ram\OneDrive - University of Sussex\Desktop\LZ correlation\LZ_correlation\noise\noise_69.jpg, C:\Users\Ram\OneDrive - University of Sussex\Desktop\LZ correlation\LZ_correlation\noise\noise_130.jpg, C:\Users\Ram\OneDrive - University of Sussex\Desktop\LZ correlation\LZ_correlation\noise\noise_236.jpg,     m
C:\Users\Ram\OneDrive - University of Sussex\Desktop\LZ correlation\LZ_correlation\noise\noise_91.jpg, C:\Users\Ram\OneDrive - University of Sussex\Desktop\LZ correlation\LZ_correlation\noise\noise_106.jpg, C:\Users\Ram\OneDrive - University of Sussex\Desktop\LZ correlation\LZ_correlation\noise\noise_85.jpg, C:\Users\Ram\OneDrive - University of Sussex\Desktop\LZ correlation\LZ_correlation\noise\noise_81.jpg,     z
C:\Users\Ram\OneDrive - University of Sussex\Desktop\LZ correlation\LZ_correlation\noise\noise_140.jpg, C:\Users\Ram\OneDrive - University of Sussex\Desktop\LZ correlation\LZ_correlation\noise\noise_72.jpg, C:\Users\Ram\OneDrive - University of Sussex\Desktop\LZ correlation\LZ_correlation\noise\noise_102.jpg, C:\Users\Ram\OneDrive - University of Sussex\Desktop\LZ correlation\LZ_correlation\noise\noise_124.jpg,     m
C:\Users\Ram\OneDrive - University of Sussex\Desktop\LZ correlation\LZ_correlation\noise\noise_190.jpg, C:\Users\Ram\OneDrive - University of Sussex\Desktop\LZ correlation\LZ_correlation\noise\noise_182.jpg, C:\Users\Ram\OneDrive - University of Sussex\Desktop\LZ correlation\LZ_correlation\noise\noise_73.jpg, C:\Users\Ram\OneDrive - University of Sussex\Desktop\LZ correlation\LZ_correlation\noise\noise_97.jpg,     m
C:\Users\Ram\OneDrive - University of Sussex\Desktop\LZ correlation\LZ_correlation\noise\noise_17.jpg, C:\Users\Ram\OneDrive - University of Sussex\Desktop\LZ correlation\LZ_correlation\noise\noise_143.jpg, C:\Users\Ram\OneDrive - University of Sussex\Desktop\LZ correlation\LZ_correlation\noise\noise_227.jpg, C:\Users\Ram\OneDrive - University of Sussex\Desktop\LZ correlation\LZ_correlation\noise\noise_30.jpg,     z
C:\Users\Ram\OneDrive - University of Sussex\Desktop\LZ correlation\LZ_correlation\final_scrambled\scrambled_35.jpg, C:\Users\Ram\OneDrive - University of Sussex\Desktop\LZ correlation\LZ_correlation\final_scrambled\scrambled_232.jpg, C:\Users\Ram\OneDrive - University of Sussex\Desktop\LZ correlation\LZ_correlation\final_scrambled\scrambled_232.jpg, C:\Users\Ram\OneDrive - University of Sussex\Desktop\LZ correlation\LZ_correlation\final_scrambled\scrambled_77.jpg,     m
C:\Users\Ram\OneDrive - University of Sussex\Desktop\LZ correlation\LZ_correlation\natural\natural_115.jpg, C:\Users\Ram\OneDrive - University of Sussex\Desktop\LZ correlation\LZ_correlation\natural\natural_229.jpg, C:\Users\Ram\OneDrive - University of Sussex\Desktop\LZ correlation\LZ_correlation\natural\natural_164.jpg, C:\Users\Ram\OneDrive - University of Sussex\Desktop\LZ correlation\LZ_correlation\natural\natural_86.jpg,     k
C:\Users\Ram\OneDrive - University of Sussex\Desktop\LZ correlation\LZ_correlation\final_scrambled\scrambled_93.jpg, C:\Users\Ram\OneDrive - University of Sussex\Desktop\LZ correlation\LZ_correlation\final_scrambled\scrambled_223.jpg, C:\Users\Ram\OneDrive - University of Sussex\Desktop\LZ correlation\LZ_correlation\final_scrambled\scrambled_17.jpg, C:\Users\Ram\OneDrive - University of Sussex\Desktop\LZ correlation\LZ_correlation\final_scrambled\scrambled_41.jpg,     k
C:\Users\Ram\OneDrive - University of Sussex\Desktop\LZ correlation\LZ_correlation\noise\noise_208.jpg, C:\Users\Ram\OneDrive - University of Sussex\Desktop\LZ correlation\LZ_correlation\noise\noise_184.jpg, C:\Users\Ram\OneDrive - University of Sussex\Desktop\LZ correlation\LZ_correlation\noise\noise_12.jpg, C:\Users\Ram\OneDrive - University of Sussex\Desktop\LZ correlation\LZ_correlation\noise\noise_92.jpg,     m
C:\Users\Ram\OneDrive - University of Sussex\Desktop\LZ correlation\LZ_correlation\noise\noise_173.jpg, C:\Users\Ram\OneDrive - University of Sussex\Desktop\LZ correlation\LZ_correlation\noise\noise_222.jpg, C:\Users\Ram\OneDrive - University of Sussex\Desktop\LZ correlation\LZ_correlation\noise\noise_27.jpg, C:\Users\Ram\OneDrive - University of Sussex\Desktop\LZ correlation\LZ_correlation\noise\noise_229.jpg,     m
C:\Users\Ram\OneDrive - University of Sussex\Desktop\LZ correlation\LZ_correlation\natural\natural_225.jpg, C:\Users\Ram\OneDrive - University of Sussex\Desktop\LZ correlation\LZ_correlation\natural\natural_42.jpg, C:\Users\Ram\OneDrive - University of Sussex\Desktop\LZ correlation\LZ_correlation\natural\natural_189.jpg, C:\Users\Ram\OneDrive - University of Sussex\Desktop\LZ correlation\LZ_correlation\natural\natural_222.jpg,     m
C:\Users\Ram\OneDrive - University of Sussex\Desktop\LZ correlation\LZ_correlation\final_scrambled\scrambled_12.jpg, C:\Users\Ram\OneDrive - University of Sussex\Desktop\LZ correlation\LZ_correlation\final_scrambled\scrambled_93.jpg, C:\Users\Ram\OneDrive - University of Sussex\Desktop\LZ correlation\LZ_correlation\final_scrambled\scrambled_90.jpg, C:\Users\Ram\OneDrive - University of Sussex\Desktop\LZ correlation\LZ_correlation\final_scrambled\scrambled_51.jpg,     k
C:\Users\Ram\OneDrive - University of Sussex\Desktop\LZ correlation\LZ_correlation\noise\noise_130.jpg, C:\Users\Ram\OneDrive - University of Sussex\Desktop\LZ correlation\LZ_correlation\noise\noise_21.jpg, C:\Users\Ram\OneDrive - University of Sussex\Desktop\LZ correlation\LZ_correlation\noise\noise_97.jpg, C:\Users\Ram\OneDrive - University of Sussex\Desktop\LZ correlation\LZ_correlation\noise\noise_62.jpg,     a
C:\Users\Ram\OneDrive - University of Sussex\Desktop\LZ correlation\LZ_correlation\final_scrambled\scrambled_193.jpg, C:\Users\Ram\OneDrive - University of Sussex\Desktop\LZ correlation\LZ_correlation\final_scrambled\scrambled_117.jpg, C:\Users\Ram\OneDrive - University of Sussex\Desktop\LZ correlation\LZ_correlation\final_scrambled\scrambled_147.jpg, C:\Users\Ram\OneDrive - University of Sussex\Desktop\LZ correlation\LZ_correlation\final_scrambled\scrambled_235.jpg,     a
C:\Users\Ram\OneDrive - University of Sussex\Desktop\LZ correlation\LZ_correlation\noise\noise_10.jpg, C:\Users\Ram\OneDrive - University of Sussex\Desktop\LZ correlation\LZ_correlation\noise\noise_2.jpg, C:\Users\Ram\OneDrive - University of Sussex\Desktop\LZ correlation\LZ_correlation\noise\noise_17.jpg, C:\Users\Ram\OneDrive - University of Sussex\Desktop\LZ correlation\LZ_correlation\noise\noise_239.jpg,     m
C:\Users\Ram\OneDrive - University of Sussex\Desktop\LZ correlation\LZ_correlation\final_scrambled\scrambled_76.jpg, C:\Users\Ram\OneDrive - University of Sussex\Desktop\LZ correlation\LZ_correlation\final_scrambled\scrambled_131.jpg, C:\Users\Ram\OneDrive - University of Sussex\Desktop\LZ correlation\LZ_correlation\final_scrambled\scrambled_96.jpg, C:\Users\Ram\OneDrive - University of Sussex\Desktop\LZ correlation\LZ_correlation\final_scrambled\scrambled_42.jpg,     z
C:\Users\Ram\OneDrive - University of Sussex\Desktop\LZ correlation\LZ_correlation\natural\natural_87.jpg, C:\Users\Ram\OneDrive - University of Sussex\Desktop\LZ correlation\LZ_correlation\natural\natural_137.jpg, C:\Users\Ram\OneDrive - University of Sussex\Desktop\LZ correlation\LZ_correlation\natural\natural_11.jpg, C:\Users\Ram\OneDrive - University of Sussex\Desktop\LZ correlation\LZ_correlation\natural\natural_133.jpg,     m
C:\Users\Ram\OneDrive - University of Sussex\Desktop\LZ correlation\LZ_correlation\natural\natural_221.jpg, C:\Users\Ram\OneDrive - University of Sussex\Desktop\LZ correlation\LZ_correlation\natural\natural_75.jpg, C:\Users\Ram\OneDrive - University of Sussex\Desktop\LZ correlation\LZ_correlation\natural\natural_51.jpg, C:\Users\Ram\OneDrive - University of Sussex\Desktop\LZ correlation\LZ_correlation\natural\natural_36.jpg,     m
C:\Users\Ram\OneDrive - University of Sussex\Desktop\LZ correlation\LZ_correlation\noise\noise_163.jpg, C:\Users\Ram\OneDrive - University of Sussex\Desktop\LZ correlation\LZ_correlation\noise\noise_87.jpg, C:\Users\Ram\OneDrive - University of Sussex\Desktop\LZ correlation\LZ_correlation\noise\noise_64.jpg, C:\Users\Ram\OneDrive - University of Sussex\Desktop\LZ correlation\LZ_correlation\noise\noise_183.jpg,     a
C:\Users\Ram\OneDrive - University of Sussex\Desktop\LZ correlation\LZ_correlation\final_scrambled\scrambled_143.jpg, C:\Users\Ram\OneDrive - University of Sussex\Desktop\LZ correlation\LZ_correlation\final_scrambled\scrambled_235.jpg, C:\Users\Ram\OneDrive - University of Sussex\Desktop\LZ correlation\LZ_correlation\final_scrambled\scrambled_212.jpg, C:\Users\Ram\OneDrive - University of Sussex\Desktop\LZ correlation\LZ_correlation\final_scrambled\scrambled_86.jpg,     z
C:\Users\Ram\OneDrive - University of Sussex\Desktop\LZ correlation\LZ_correlation\final_scrambled\scrambled_15.jpg, C:\Users\Ram\OneDrive - University of Sussex\Desktop\LZ correlation\LZ_correlation\final_scrambled\scrambled_116.jpg, C:\Users\Ram\OneDrive - University of Sussex\Desktop\LZ correlation\LZ_correlation\final_scrambled\scrambled_227.jpg, C:\Users\Ram\OneDrive - University of Sussex\Desktop\LZ correlation\LZ_correlation\final_scrambled\scrambled_66.jpg,     k
C:\Users\Ram\OneDrive - University of Sussex\Desktop\LZ correlation\LZ_correlation\final_scrambled\scrambled_103.jpg, C:\Users\Ram\OneDrive - University of Sussex\Desktop\LZ correlation\LZ_correlation\final_scrambled\scrambled_144.jpg, C:\Users\Ram\OneDrive - University of Sussex\Desktop\LZ correlation\LZ_correlation\final_scrambled\scrambled_150.jpg, C:\Users\Ram\OneDrive - University of Sussex\Desktop\LZ correlation\LZ_correlation\final_scrambled\scrambled_230.jpg,     m
C:\Users\Ram\OneDrive - University of Sussex\Desktop\LZ correlation\LZ_correlation\natural\natural_93.jpg, C:\Users\Ram\OneDrive - University of Sussex\Desktop\LZ correlation\LZ_correlation\natural\natural_158.jpg, C:\Users\Ram\OneDrive - University of Sussex\Desktop\LZ correlation\LZ_correlation\natural\natural_221.jpg, C:\Users\Ram\OneDrive - University of Sussex\Desktop\LZ correlation\LZ_correlation\natural\natural_52.jpg,     k
C:\Users\Ram\OneDrive - University of Sussex\Desktop\LZ correlation\LZ_correlation\natural\natural_86.jpg, C:\Users\Ram\OneDrive - University of Sussex\Desktop\LZ correlation\LZ_correlation\natural\natural_125.jpg, C:\Users\Ram\OneDrive - University of Sussex\Desktop\LZ correlation\LZ_correlation\natural\natural_11.jpg, C:\Users\Ram\OneDrive - University of Sussex\Desktop\LZ correlation\LZ_correlation\natural\natural_155.jpg,     m
C:\Users\Ram\OneDrive - University of Sussex\Desktop\LZ correlation\LZ_correlation\natural\natural_51.jpg, C:\Users\Ram\OneDrive - University of Sussex\Desktop\LZ correlation\LZ_correlation\natural\natural_148.jpg, C:\Users\Ram\OneDrive - University of Sussex\Desktop\LZ correlation\LZ_correlation\natural\natural_41.jpg, C:\Users\Ram\OneDrive - University of Sussex\Desktop\LZ correlation\LZ_correlation\natural\natural_22.jpg,     m
C:\Users\Ram\OneDrive - University of Sussex\Desktop\LZ correlation\LZ_correlation\noise\noise_200.jpg, C:\Users\Ram\OneDrive - University of Sussex\Desktop\LZ correlation\LZ_correlation\noise\noise_142.jpg, C:\Users\Ram\OneDrive - University of Sussex\Desktop\LZ correlation\LZ_correlation\noise\noise_153.jpg, C:\Users\Ram\OneDrive - University of Sussex\Desktop\LZ correlation\LZ_correlation\noise\noise_18.jpg,     m
C:\Users\Ram\OneDrive - University of Sussex\Desktop\LZ correlation\LZ_correlation\natural\natural_28.jpg, C:\Users\Ram\OneDrive - University of Sussex\Desktop\LZ correlation\LZ_correlation\natural\natural_225.jpg, C:\Users\Ram\OneDrive - University of Sussex\Desktop\LZ correlation\LZ_correlation\natural\natural_109.jpg, C:\Users\Ram\OneDrive - University of Sussex\Desktop\LZ correlation\LZ_correlation\natural\natural_25.jpg,     k
C:\Users\Ram\OneDrive - University of Sussex\Desktop\LZ correlation\LZ_correlation\natural\natural_45.jpg, C:\Users\Ram\OneDrive - University of Sussex\Desktop\LZ correlation\LZ_correlation\natural\natural_30.jpg, C:\Users\Ram\OneDrive - University of Sussex\Desktop\LZ correlation\LZ_correlation\natural\natural_172.jpg, C:\Users\Ram\OneDrive - University of Sussex\Desktop\LZ correlation\LZ_correlation\natural\natural_51.jpg,     a
C:\Users\Ram\OneDrive - University of Sussex\Desktop\LZ correlation\LZ_correlation\final_scrambled\scrambled_167.jpg, C:\Users\Ram\OneDrive - University of Sussex\Desktop\LZ correlation\LZ_correlation\final_scrambled\scrambled_184.jpg, C:\Users\Ram\OneDrive - University of Sussex\Desktop\LZ correlation\LZ_correlation\final_scrambled\scrambled_154.jpg, C:\Users\Ram\OneDrive - University of Sussex\Desktop\LZ correlation\LZ_correlation\final_scrambled\scrambled_184.jpg,     k
C:\Users\Ram\OneDrive - University of Sussex\Desktop\LZ correlation\LZ_correlation\final_scrambled\scrambled_72.jpg, C:\Users\Ram\OneDrive - University of Sussex\Desktop\LZ correlation\LZ_correlation\final_scrambled\scrambled_107.jpg, C:\Users\Ram\OneDrive - University of Sussex\Desktop\LZ correlation\LZ_correlation\final_scrambled\scrambled_174.jpg, C:\Users\Ram\OneDrive - University of Sussex\Desktop\LZ correlation\LZ_correlation\final_scrambled\scrambled_227.jpg,     z
C:\Users\Ram\OneDrive - University of Sussex\Desktop\LZ correlation\LZ_correlation\natural\natural_17.jpg, C:\Users\Ram\OneDrive - University of Sussex\Desktop\LZ correlation\LZ_correlation\natural\natural_204.jpg, C:\Users\Ram\OneDrive - University of Sussex\Desktop\LZ correlation\LZ_correlation\natural\natural_152.jpg, C:\Users\Ram\OneDrive - University of Sussex\Desktop\LZ correlation\LZ_correlation\natural\natural_101.jpg,     a
C:\Users\Ram\OneDrive - University of Sussex\Desktop\LZ correlation\LZ_correlation\noise\noise_118.jpg, C:\Users\Ram\OneDrive - University of Sussex\Desktop\LZ correlation\LZ_correlation\noise\noise_145.jpg, C:\Users\Ram\OneDrive - University of Sussex\Desktop\LZ correlation\LZ_correlation\noise\noise_136.jpg, C:\Users\Ram\OneDrive - University of Sussex\Desktop\LZ correlation\LZ_correlation\noise\noise_59.jpg,     m
C:\Users\Ram\OneDrive - University of Sussex\Desktop\LZ correlation\LZ_correlation\noise\noise_185.jpg, C:\Users\Ram\OneDrive - University of Sussex\Desktop\LZ correlation\LZ_correlation\noise\noise_18.jpg, C:\Users\Ram\OneDrive - University of Sussex\Desktop\LZ correlation\LZ_correlation\noise\noise_22.jpg, C:\Users\Ram\OneDrive - University of Sussex\Desktop\LZ correlation\LZ_correlation\noise\noise_121.jpg,     m
C:\Users\Ram\OneDrive - University of Sussex\Desktop\LZ correlation\LZ_correlation\final_scrambled\scrambled_195.jpg, C:\Users\Ram\OneDrive - University of Sussex\Desktop\LZ correlation\LZ_correlation\final_scrambled\scrambled_212.jpg, C:\Users\Ram\OneDrive - University of Sussex\Desktop\LZ correlation\LZ_correlation\final_scrambled\scrambled_19.jpg, C:\Users\Ram\OneDrive - University of Sussex\Desktop\LZ correlation\LZ_correlation\final_scrambled\scrambled_14.jpg,     k
C:\Users\Ram\OneDrive - University of Sussex\Desktop\LZ correlation\LZ_correlation\natural\natural_12.jpg, C:\Users\Ram\OneDrive - University of Sussex\Desktop\LZ correlation\LZ_correlation\natural\natural_11.jpg, C:\Users\Ram\OneDrive - University of Sussex\Desktop\LZ correlation\LZ_correlation\natural\natural_192.jpg, C:\Users\Ram\OneDrive - University of Sussex\Desktop\LZ correlation\LZ_correlation\natural\natural_14.jpg,     k
C:\Users\Ram\OneDrive - University of Sussex\Desktop\LZ correlation\LZ_correlation\final_scrambled\scrambled_120.jpg, C:\Users\Ram\OneDrive - University of Sussex\Desktop\LZ correlation\LZ_correlation\final_scrambled\scrambled_137.jpg, C:\Users\Ram\OneDrive - University of Sussex\Desktop\LZ correlation\LZ_correlation\final_scrambled\scrambled_24.jpg, C:\Users\Ram\OneDrive - University of Sussex\Desktop\LZ correlation\LZ_correlation\final_scrambled\scrambled_172.jpg,     a
C:\Users\Ram\OneDrive - University of Sussex\Desktop\LZ correlation\LZ_correlation\natural\natural_170.jpg, C:\Users\Ram\OneDrive - University of Sussex\Desktop\LZ correlation\LZ_correlation\natural\natural_120.jpg, C:\Users\Ram\OneDrive - University of Sussex\Desktop\LZ correlation\LZ_correlation\natural\natural_148.jpg, C:\Users\Ram\OneDrive - University of Sussex\Desktop\LZ correlation\LZ_correlation\natural\natural_208.jpg,     a
C:\Users\Ram\OneDrive - University of Sussex\Desktop\LZ correlation\LZ_correlation\final_scrambled\scrambled_209.jpg, C:\Users\Ram\OneDrive - University of Sussex\Desktop\LZ correlation\LZ_correlation\final_scrambled\scrambled_188.jpg, C:\Users\Ram\OneDrive - University of Sussex\Desktop\LZ correlation\LZ_correlation\final_scrambled\scrambled_30.jpg, C:\Users\Ram\OneDrive - University of Sussex\Desktop\LZ correlation\LZ_correlation\final_scrambled\scrambled_197.jpg,     z
C:\Users\Ram\OneDrive - University of Sussex\Desktop\LZ correlation\LZ_correlation\final_scrambled\scrambled_90.jpg, C:\Users\Ram\OneDrive - University of Sussex\Desktop\LZ correlation\LZ_correlation\final_scrambled\scrambled_227.jpg, C:\Users\Ram\OneDrive - University of Sussex\Desktop\LZ correlation\LZ_correlation\final_scrambled\scrambled_54.jpg, C:\Users\Ram\OneDrive - University of Sussex\Desktop\LZ correlation\LZ_correlation\final_scrambled\scrambled_206.jpg,     m
C:\Users\Ram\OneDrive - University of Sussex\Desktop\LZ correlation\LZ_correlation\natural\natural_29.jpg, C:\Users\Ram\OneDrive - University of Sussex\Desktop\LZ correlation\LZ_correlation\natural\natural_62.jpg, C:\Users\Ram\OneDrive - University of Sussex\Desktop\LZ correlation\LZ_correlation\natural\natural_20.jpg, C:\Users\Ram\OneDrive - University of Sussex\Desktop\LZ correlation\LZ_correlation\natural\natural_195.jpg,     m
C:\Users\Ram\OneDrive - University of Sussex\Desktop\LZ correlation\LZ_correlation\final_scrambled\scrambled_207.jpg, C:\Users\Ram\OneDrive - University of Sussex\Desktop\LZ correlation\LZ_correlation\final_scrambled\scrambled_240.jpg, C:\Users\Ram\OneDrive - University of Sussex\Desktop\LZ correlation\LZ_correlation\final_scrambled\scrambled_106.jpg, C:\Users\Ram\OneDrive - University of Sussex\Desktop\LZ correlation\LZ_correlation\final_scrambled\scrambled_234.jpg,     k
C:\Users\Ram\OneDrive - University of Sussex\Desktop\LZ correlation\LZ_correlation\natural\natural_7.jpg, C:\Users\Ram\OneDrive - University of Sussex\Desktop\LZ correlation\LZ_correlation\natural\natural_213.jpg, C:\Users\Ram\OneDrive - University of Sussex\Desktop\LZ correlation\LZ_correlation\natural\natural_83.jpg, C:\Users\Ram\OneDrive - University of Sussex\Desktop\LZ correlation\LZ_correlation\natural\natural_115.jpg,     a
C:\Users\Ram\OneDrive - University of Sussex\Desktop\LZ correlation\LZ_correlation\final_scrambled\scrambled_204.jpg, C:\Users\Ram\OneDrive - University of Sussex\Desktop\LZ correlation\LZ_correlation\final_scrambled\scrambled_137.jpg, C:\Users\Ram\OneDrive - University of Sussex\Desktop\LZ correlation\LZ_correlation\final_scrambled\scrambled_205.jpg, C:\Users\Ram\OneDrive - University of Sussex\Desktop\LZ correlation\LZ_correlation\final_scrambled\scrambled_152.jpg,     k
C:\Users\Ram\OneDrive - University of Sussex\Desktop\LZ correlation\LZ_correlation\natural\natural_238.jpg, C:\Users\Ram\OneDrive - University of Sussex\Desktop\LZ correlation\LZ_correlation\natural\natural_131.jpg, C:\Users\Ram\OneDrive - University of Sussex\Desktop\LZ correlation\LZ_correlation\natural\natural_205.jpg, C:\Users\Ram\OneDrive - University of Sussex\Desktop\LZ correlation\LZ_correlation\natural\natural_107.jpg,     a
C:\Users\Ram\OneDrive - University of Sussex\Desktop\LZ correlation\LZ_correlation\natural\natural_124.jpg, C:\Users\Ram\OneDrive - University of Sussex\Desktop\LZ correlation\LZ_correlation\natural\natural_124.jpg, C:\Users\Ram\OneDrive - University of Sussex\Desktop\LZ correlation\LZ_correlation\natural\natural_69.jpg, C:\Users\Ram\OneDrive - University of Sussex\Desktop\LZ correlation\LZ_correlation\natural\natural_46.jpg,     m
C:\Users\Ram\OneDrive - University of Sussex\Desktop\LZ correlation\LZ_correlation\natural\natural_17.jpg, C:\Users\Ram\OneDrive - University of Sussex\Desktop\LZ correlation\LZ_correlation\natural\natural_1.jpg, C:\Users\Ram\OneDrive - University of Sussex\Desktop\LZ correlation\LZ_correlation\natural\natural_83.jpg, C:\Users\Ram\OneDrive - University of Sussex\Desktop\LZ correlation\LZ_correlation\natural\natural_79.jpg,     k
C:\Users\Ram\OneDrive - University of Sussex\Desktop\LZ correlation\LZ_correlation\natural\natural_9.jpg, C:\Users\Ram\OneDrive - University of Sussex\Desktop\LZ correlation\LZ_correlation\natural\natural_126.jpg, C:\Users\Ram\OneDrive - University of Sussex\Desktop\LZ correlation\LZ_correlation\natural\natural_64.jpg, C:\Users\Ram\OneDrive - University of Sussex\Desktop\LZ correlation\LZ_correlation\natural\natural_25.jpg,     k
C:\Users\Ram\OneDrive - University of Sussex\Desktop\LZ correlation\LZ_correlation\final_scrambled\scrambled_172.jpg, C:\Users\Ram\OneDrive - University of Sussex\Desktop\LZ correlation\LZ_correlation\final_scrambled\scrambled_223.jpg, C:\Users\Ram\OneDrive - University of Sussex\Desktop\LZ correlation\LZ_correlation\final_scrambled\scrambled_140.jpg, C:\Users\Ram\OneDrive - University of Sussex\Desktop\LZ correlation\LZ_correlation\final_scrambled\scrambled_185.jpg,     k
C:\Users\Ram\OneDrive - University of Sussex\Desktop\LZ correlation\LZ_correlation\natural\natural_219.jpg, C:\Users\Ram\OneDrive - University of Sussex\Desktop\LZ correlation\LZ_correlation\natural\natural_65.jpg, C:\Users\Ram\OneDrive - University of Sussex\Desktop\LZ correlation\LZ_correlation\natural\natural_109.jpg, C:\Users\Ram\OneDrive - University of Sussex\Desktop\LZ correlation\LZ_correlation\natural\natural_141.jpg,     a
C:\Users\Ram\OneDrive - University of Sussex\Desktop\LZ correlation\LZ_correlation\noise\noise_233.jpg, C:\Users\Ram\OneDrive - University of Sussex\Desktop\LZ correlation\LZ_correlation\noise\noise_194.jpg, C:\Users\Ram\OneDrive - University of Sussex\Desktop\LZ correlation\LZ_correlation\noise\noise_5.jpg, C:\Users\Ram\OneDrive - University of Sussex\Desktop\LZ correlation\LZ_correlation\noise\noise_210.jpg,     z
C:\Users\Ram\OneDrive - University of Sussex\Desktop\LZ correlation\LZ_correlation\natural\natural_225.jpg, C:\Users\Ram\OneDrive - University of Sussex\Desktop\LZ correlation\LZ_correlation\natural\natural_204.jpg, C:\Users\Ram\OneDrive - University of Sussex\Desktop\LZ correlation\LZ_correlation\natural\natural_239.jpg, C:\Users\Ram\OneDrive - University of Sussex\Desktop\LZ correlation\LZ_correlation\natural\natural_96.jpg,     z
C:\Users\Ram\OneDrive - University of Sussex\Desktop\LZ correlation\LZ_correlation\natural\natural_79.jpg, C:\Users\Ram\OneDrive - University of Sussex\Desktop\LZ correlation\LZ_correlation\natural\natural_56.jpg, C:\Users\Ram\OneDrive - University of Sussex\Desktop\LZ correlation\LZ_correlation\natural\natural_128.jpg, C:\Users\Ram\OneDrive - University of Sussex\Desktop\LZ correlation\LZ_correlation\natural\natural_93.jpg,     z
C:\Users\Ram\OneDrive - University of Sussex\Desktop\LZ correlation\LZ_correlation\noise\noise_90.jpg, C:\Users\Ram\OneDrive - University of Sussex\Desktop\LZ correlation\LZ_correlation\noise\noise_25.jpg, C:\Users\Ram\OneDrive - University of Sussex\Desktop\LZ correlation\LZ_correlation\noise\noise_16.jpg, C:\Users\Ram\OneDrive - University of Sussex\Desktop\LZ correlation\LZ_correlation\noise\noise_216.jpg,     a
C:\Users\Ram\OneDrive - University of Sussex\Desktop\LZ correlation\LZ_correlation\noise\noise_100.jpg, C:\Users\Ram\OneDrive - University of Sussex\Desktop\LZ correlation\LZ_correlation\noise\noise_140.jpg, C:\Users\Ram\OneDrive - University of Sussex\Desktop\LZ correlation\LZ_correlation\noise\noise_83.jpg, C:\Users\Ram\OneDrive - University of Sussex\Desktop\LZ correlation\LZ_correlation\noise\noise_35.jpg,     m
C:\Users\Ram\OneDrive - University of Sussex\Desktop\LZ correlation\LZ_correlation\natural\natural_129.jpg, C:\Users\Ram\OneDrive - University of Sussex\Desktop\LZ correlation\LZ_correlation\natural\natural_101.jpg, C:\Users\Ram\OneDrive - University of Sussex\Desktop\LZ correlation\LZ_correlation\natural\natural_181.jpg, C:\Users\Ram\OneDrive - University of Sussex\Desktop\LZ correlation\LZ_correlation\natural\natural_170.jpg,     z
C:\Users\Ram\OneDrive - University of Sussex\Desktop\LZ correlation\LZ_correlation\noise\noise_154.jpg, C:\Users\Ram\OneDrive - University of Sussex\Desktop\LZ correlation\LZ_correlation\noise\noise_213.jpg, C:\Users\Ram\OneDrive - University of Sussex\Desktop\LZ correlation\LZ_correlation\noise\noise_238.jpg, C:\Users\Ram\OneDrive - University of Sussex\Desktop\LZ correlation\LZ_correlation\noise\noise_181.jpg,     a
C:\Users\Ram\OneDrive - University of Sussex\Desktop\LZ correlation\LZ_correlation\noise\noise_108.jpg, C:\Users\Ram\OneDrive - University of Sussex\Desktop\LZ correlation\LZ_correlation\noise\noise_217.jpg, C:\Users\Ram\OneDrive - University of Sussex\Desktop\LZ correlation\LZ_correlation\noise\noise_128.jpg, C:\Users\Ram\OneDrive - University of Sussex\Desktop\LZ correlation\LZ_correlation\noise\noise_200.jpg,     m
C:\Users\Ram\OneDrive - University of Sussex\Desktop\LZ correlation\LZ_correlation\natural\natural_63.jpg, C:\Users\Ram\OneDrive - University of Sussex\Desktop\LZ correlation\LZ_correlation\natural\natural_136.jpg, C:\Users\Ram\OneDrive - University of Sussex\Desktop\LZ correlation\LZ_correlation\natural\natural_39.jpg, C:\Users\Ram\OneDrive - University of Sussex\Desktop\LZ correlation\LZ_correlation\natural\natural_90.jpg,     m
C:\Users\Ram\OneDrive - University of Sussex\Desktop\LZ correlation\LZ_correlation\natural\natural_140.jpg, C:\Users\Ram\OneDrive - University of Sussex\Desktop\LZ correlation\LZ_correlation\natural\natural_44.jpg, C:\Users\Ram\OneDrive - University of Sussex\Desktop\LZ correlation\LZ_correlation\natural\natural_49.jpg, C:\Users\Ram\OneDrive - University of Sussex\Desktop\LZ correlation\LZ_correlation\natural\natural_151.jpg,     k
